Name,Created,Property,Tags
CI/CD Announcement and Email,"November 2, 2020 10:01 AM",,
Solar Power Midwest,"July 8, 2020 4:11 PM",,
Agency Strategy Platform Changes/Features,"July 1, 2020 12:22 PM",,
What's GraphQL and How Can It Help Teams Developer Faster? VIDEO SCRIPT,"June 22, 2020 2:54 PM",,
Founders Dashboard Rodrigo,"May 18, 2020 3:31 PM",,
Valerie Call Declare,"May 5, 2020 3:01 PM",,
Documentation Updates Missing,"May 5, 2020 2:43 PM",,
New Landing Pages,"April 30, 2020 12:45 PM",,
8base Learning Video Social Posts,"April 8, 2020 4:05 PM",,
8base Video Scripts,"March 27, 2020 10:59 AM",,
Pitch feedback,"February 24, 2020 3:44 PM",,
Understanding the Back-end and Why It's So Important,"February 20, 2020 2:31 PM",,
Business content for 8base,"February 17, 2020 3:22 PM",,
Garret Getting Started,"February 17, 2020 12:13 PM",,
Salesforce Announcement,"February 17, 2020 11:28 AM",,
Proposal for Parkker,"February 5, 2020 12:31 PM",,
Product Announcement Jan 30th,"January 27, 2020 10:07 AM",,
Hire Product Marketer - Job Description,"January 22, 2020 9:31 AM",,
New Website 3 Value Props,"January 15, 2020 5:34 PM",,
SoftDelete vs HardDelete,"January 12, 2020 12:35 PM",,
8base Explainer Video for Business,"January 10, 2020 12:37 PM",,
Proposal for AstroLabs,"January 7, 2020 5:21 PM",,
New Future,"January 6, 2020 2:25 PM",,
AstroLabs Notes Meeting,"January 3, 2020 12:02 PM",,
01/02/2020,"January 2, 2020 10:43 AM",,
User Recordings Research,"December 23, 2019 1:20 PM",,
How it's Built? 8base Architecture,"December 23, 2019 10:43 AM",,