Name,Created,Tags,Updated
Open Source Core Banking,"May 14, 2019 7:16 PM",,"May 14, 2019 7:22 PM"
Elastic Beanstalk Fundamentals,"May 9, 2019 7:17 PM",,"May 9, 2019 8:39 PM"
EC2 Instance Meta Data,"May 9, 2019 3:49 PM",,"May 9, 2019 3:56 PM"
IAM Roles,"May 9, 2019 2:29 PM",,"May 9, 2019 3:43 PM"
S3 Consistency Model,"May 8, 2019 7:14 PM",,"May 8, 2019 7:18 PM"
S3 CORS (Cross Origin Resource Sharing),"May 8, 2019 7:10 PM",,"May 8, 2019 7:14 PM"
S3 Static Sites,"May 8, 2019 7:01 PM",,"May 8, 2019 7:09 PM"
S3 Bucket Policies,"May 8, 2019 6:11 PM",,"May 8, 2019 6:20 PM"
S3 Fundamentals (Simple Storage Service),"May 8, 2019 5:26 PM",,"May 8, 2019 7:24 PM"
3-Tier Web App Architecture (AWS),"May 8, 2019 4:05 PM",,"May 8, 2019 5:13 PM"
VPC Fundamentals (Virtual Private Cloud),"May 8, 2019 3:53 PM",,"May 8, 2019 4:04 PM"
ElastiCache Fundamentals,"May 8, 2019 3:31 PM",,"May 8, 2019 3:49 PM"
RDS Fundamentals (Relational Data Service),"May 8, 2019 2:15 PM",,"May 8, 2019 3:02 PM"
Route 53 Fundamentals,"May 8, 2019 1:34 PM",,"May 8, 2019 1:42 PM"
EBS Fundamentals (Elastic Block Store),"May 7, 2019 8:00 PM",,"May 8, 2019 12:22 PM"
ASG Fundamentals (Auto Scaling Group),"May 7, 2019 7:29 PM",,"May 7, 2019 7:59 PM"
ELB Features (Load Balancing),"May 7, 2019 5:46 PM",,"May 7, 2019 6:05 PM"
ELB Fundamentals (Load Balancing),"May 7, 2019 5:26 PM",,"May 7, 2019 5:46 PM"
EC2 Instance Launce Types,"May 6, 2019 8:24 PM",,"December 19, 2019 10:56 PM"
EC2 Server Setup,"May 6, 2019 7:52 PM",,"May 7, 2019 7:45 PM"
Networking Fundamentals (IPv4 vs IPv6),"May 6, 2019 6:54 PM",,"May 6, 2019 7:45 PM"
Security Group Fundamentals,"May 6, 2019 6:42 PM",,"May 6, 2019 6:53 PM"
EC2 Fundamentals,"May 5, 2019 4:48 PM",,"May 7, 2019 5:16 PM"